metric_date,total_transactions,total_value,successful_count,failed_count,success_rate,avg_transaction,active_accounts,updated_at
2026-10-05,184,45406.12,167,10,0.9076,246.77,165,2026-10-05 14:58:24.450674+00:00
2026-10-04,308,79837.15,281,20,0.9123,259.21,253,2026-10-05 14:58:24.450674+00:00
2026-10-03,307,78555.90,275,25,0.8958,255.88,252,2026-10-05 14:58:24.450674+00:00
2026-10-02,323,80521.47,303,19,0.9381,249.29,265,2026-10-05 14:58:24.450674+00:00
2026-10-01,314,77687.20,285,27,0.9076,247.41,260,2026-10-05 14:58:24.450674+00:00
2026-09-30,333,81198.81,308,17,0.9249,243.84,270,2026-10-05 14:58:24.450674+00:00
2026-09-29,313,81598.00,284,22,0.9073,260.70,250,2026-10-05 14:58:24.450674+00:00
2026-09-28,351,88281.21,311,30,0.8860,251.51,271,2026-10-05 14:58:24.450674+00:00
2026-09-27,294,71629.41,270,19,0.9184,243.64,239,2026-10-05 14:58:24.450674+00:00
2026-09-26,298,77626.94,278,16,0.9329,260.49,241,2026-10-05 14:58:24.450674+00:00
2026-09-25,286,73085.05,263,20,0.9196,255.54,243,2026-10-05 14:58:24.450674+00:00
2026-09-24,318,81020.68,298,16,0.9371,254.78,259,2026-10-05 14:58:24.450674+00:00
2026-09-23,349,88530.61,320,22,0.9169,253.67,283,2026-10-05 14:58:24.450674+00:00
2026-09-22,323,81303.06,297,22,0.9195,251.71,259,2026-10-05 14:58:24.450674+00:00
2026-09-21,320,78157.74,289,19,0.9031,244.24,266,2026-10-05 14:58:24.450674+00:00
2026-09-20,329,83317.71,307,15,0.9331,253.25,256,2026-10-05 14:58:24.450674+00:00
2026-09-19,311,80433.35,285,20,0.9164,258.63,253,2026-10-05 14:58:24.450674+00:00
2026-09-18,292,75178.95,268,15,0.9178,257.46,248,2026-10-05 14:58:24.450674+00:00
2026-09-17,305,75659.86,288,13,0.9443,248.07,244,2026-10-05 14:58:24.450674+00:00
2026-09-16,309,77667.02,280,17,0.9061,251.35,257,2026-10-05 14:58:24.450674+00:00
2026-09-15,275,70112.32,257,15,0.9345,254.95,231,2026-10-05 14:58:24.450674+00:00
2026-09-14,311,77946.76,289,15,0.9293,250.63,256,2026-10-05 14:58:24.450674+00:00
2026-09-13,306,79045.58,285,19,0.9314,258.32,248,2026-10-05 14:58:24.450674+00:00
2026-09-12,316,73230.12,297,13,0.9399,231.74,261,2026-10-05 14:58:24.450674+00:00
2026-09-11,313,79023.61,291,15,0.9297,252.47,263,2026-10-05 14:58:24.450674+00:00
2026-09-10,344,88203.18,315,20,0.9157,256.40,276,2026-10-05 14:58:24.450674+00:00
2026-09-09,293,72265.60,264,22,0.9010,246.64,237,2026-10-05 14:58:24.450674+00:00
2026-09-08,327,83680.26,301,19,0.9205,255.90,261,2026-10-05 14:58:24.450674+00:00
2026-09-07,299,73491.35,279,13,0.9331,245.79,244,2026-10-05 14:58:24.450674+00:00
2026-09-06,303,76374.84,284,14,0.9373,252.06,241,2026-10-05 14:58:24.450674+00:00
2026-09-05,288,76108.59,261,19,0.9063,264.27,242,2026-10-05 14:58:24.450674+00:00
2026-09-04,130,29825.05,115,10,0.8846,229.42,116,2026-10-05 14:58:24.450674+00:00
